{"resourceType":"CodeSystem","id":"omh-temporal-relationship-to-meal","text":{"status":"generated","div":"<div xmlns=\"http://www.w3.org/1999/xhtml\"><h2>Omh Temporal Relationship To Meal Code System</h2><div><p>OMH datapoint schema type representing the measure of an Open mHealth data schema.   These concepts are used were suitable LOINC or SNOMED-CT concepts are not available.</p>\n</div><p>This code system http://www.fhir.org/guides/mfhir/CodeSystem/omh-temporal-relationship-to-meal defines the following codes:</p><table class=\"codes\"><tr><td style=\"white-space:nowrap\"><b>Code</b></td><td><b>Display</b></td><td><b>Definition</b></td></tr><tr><td style=\"white-space:nowrap\">2-hours-postprandial<a name=\"omh-temporal-relationship-to-meal-2-hours-postprandial\"> </a></td><td>2 hours postprandial</td><td>The relative time 2 hours following a meal</td></tr></table></div>"},"url":"http://www.fhir.org/guides/mfhir/CodeSystem/omh-temporal-relationship-to-meal","version":"0.0.0","name":"omh-temporal-relationship-to-meal","title":"Omh Temporal Relationship To Meal Code System","status":"draft","date":"2018-11-17T00:00:00-08:00","contact":[{"telecom":[{"system":"url","value":"http://www.openmhealth.org/"}]}],"description":"OMH datapoint schema type representing the measure of an Open mHealth data schema.   These concepts are used were suitable LOINC or SNOMED-CT concepts are not available.","caseSensitive":true,"content":"complete","concept":[{"code":"2-hours-postprandial","display":"2 hours postprandial","definition":"The relative time 2 hours following a meal"}]}