{"resourceType":"ImplementationGuide","id":"ig","text":{"status":"generated","div":"<div xmlns=\"http://www.w3.org/1999/xhtml\"><h2>Open mHealth to FHIR</h2><p>The official URL for this implementation guide is: </p><pre>http://www.fhir.org/guides/mfhir/ImplementationGuide/ig</pre></div>"},"url":"http://www.fhir.org/guides/mfhir/ImplementationGuide/ig","version":"0.0.0","name":"Open mHealth to FHIR","status":"draft","experimental":true,"publisher":"Open mHealth","fhirVersion":"3.0.1","package":[{"id":"p1","name":"base","resource":[{"extension":[{"url":"http://hl7.org/fhir/StructureDefinition/implementationguide-page","valueUri":"Observation-stepcount-example.html"}],"example":true,"sourceReference":{"reference":"Observation/stepcount-example"}},{"extension":[{"url":"http://hl7.org/fhir/StructureDefinition/implementationguide-page","valueUri":"DocumentReference-omh-stepcount-example.html"}],"example":true,"sourceReference":{"reference":"DocumentReference/omh-stepcount-example"}},{"extension":[{"url":"http://hl7.org/fhir/StructureDefinition/implementationguide-page","valueUri":"Binary-omh-stepcount-example.html"}],"example":true,"sourceReference":{"reference":"Binary/omh-stepcount-example"}},{"extension":[{"url":"http://hl7.org/fhir/StructureDefinition/implementationguide-page","valueUri":"ValueSet-dp-type.html"}],"example":false,"sourceReference":{"reference":"ValueSet/dp-type"}},{"extension":[{"url":"http://hl7.org/fhir/StructureDefinition/implementationguide-page","valueUri":"StructureDefinition-omh-step-count.html"}],"example":false,"sourceReference":{"reference":"StructureDefinition/omh-step-count"}},{"extension":[{"url":"http://hl7.org/fhir/StructureDefinition/implementationguide-page","valueUri":"StructureDefinition-omh-heart-rate.html"}],"example":false,"sourceReference":{"reference":"StructureDefinition/omh-heart-rate"}},{"extension":[{"url":"http://hl7.org/fhir/StructureDefinition/implementationguide-page","valueUri":"StructureDefinition-omh-header.html"}],"example":false,"sourceReference":{"reference":"StructureDefinition/omh-header"}},{"extension":[{"url":"http://hl7.org/fhir/StructureDefinition/implementationguide-page","valueUri":"StructureDefinition-omh-datapoint-template.html"}],"example":false,"sourceReference":{"reference":"StructureDefinition/omh-datapoint-template"}},{"extension":[{"url":"http://hl7.org/fhir/StructureDefinition/implementationguide-page","valueUri":"ValueSet-volume-unit-value.html"}],"example":false,"sourceReference":{"reference":"ValueSet/volume-unit-value"}},{"extension":[{"url":"http://hl7.org/fhir/StructureDefinition/implementationguide-page","valueUri":"ValueSet-temporal-relationship-to-sleep.html"}],"example":false,"sourceReference":{"reference":"ValueSet/temporal-relationship-to-sleep"}},{"extension":[{"url":"http://hl7.org/fhir/StructureDefinition/implementationguide-page","valueUri":"ValueSet-temporal-relationship-to-physical-activity.html"}],"example":false,"sourceReference":{"reference":"ValueSet/temporal-relationship-to-physical-activity"}},{"extension":[{"url":"http://hl7.org/fhir/StructureDefinition/implementationguide-page","valueUri":"ValueSet-temporal-relationship-to-meal.html"}],"example":false,"sourceReference":{"reference":"ValueSet/temporal-relationship-to-meal"}},{"extension":[{"url":"http://hl7.org/fhir/StructureDefinition/implementationguide-page","valueUri":"ValueSet-temperature-unit-value.html"}],"example":false,"sourceReference":{"reference":"ValueSet/temperature-unit-value"}},{"extension":[{"url":"http://hl7.org/fhir/StructureDefinition/implementationguide-page","valueUri":"ValueSet-speed-unit-value.html"}],"example":false,"sourceReference":{"reference":"ValueSet/speed-unit-value"}},{"extension":[{"url":"http://hl7.org/fhir/StructureDefinition/implementationguide-page","valueUri":"ValueSet-specimen-source.html"}],"example":false,"sourceReference":{"reference":"ValueSet/specimen-source"}},{"extension":[{"url":"http://hl7.org/fhir/StructureDefinition/implementationguide-page","valueUri":"ValueSet-position-during-measurement.html"}],"example":false,"sourceReference":{"reference":"ValueSet/position-during-measurement"}},{"extension":[{"url":"http://hl7.org/fhir/StructureDefinition/implementationguide-page","valueUri":"ValueSet-part-of-day.html"}],"example":false,"sourceReference":{"reference":"ValueSet/part-of-day"}},{"extension":[{"url":"http://hl7.org/fhir/StructureDefinition/implementationguide-page","valueUri":"ValueSet-pace-unit-value.html"}],"example":false,"sourceReference":{"reference":"ValueSet/pace-unit-value"}},{"extension":[{"url":"http://hl7.org/fhir/StructureDefinition/implementationguide-page","valueUri":"ValueSet-medication-dose-unit.html"}],"example":false,"sourceReference":{"reference":"ValueSet/medication-dose-unit"}},{"extension":[{"url":"http://hl7.org/fhir/StructureDefinition/implementationguide-page","valueUri":"ValueSet-mass-unit-value.html"}],"example":false,"sourceReference":{"reference":"ValueSet/mass-unit-value"}},{"extension":[{"url":"http://hl7.org/fhir/StructureDefinition/implementationguide-page","valueUri":"ValueSet-magnetic-flux-density-unit-value.html"}],"example":false,"sourceReference":{"reference":"ValueSet/magnetic-flux-density-unit-value"}},{"extension":[{"url":"http://hl7.org/fhir/StructureDefinition/implementationguide-page","valueUri":"ValueSet-length-unit-value.html"}],"example":false,"sourceReference":{"reference":"ValueSet/length-unit-value"}},{"extension":[{"url":"http://hl7.org/fhir/StructureDefinition/implementationguide-page","valueUri":"ValueSet-intervention-administration-route.html"}],"example":false,"sourceReference":{"reference":"ValueSet/intervention-administration-route"}},{"extension":[{"url":"http://hl7.org/fhir/StructureDefinition/implementationguide-page","valueUri":"ValueSet-duration-unit-value.html"}],"example":false,"sourceReference":{"reference":"ValueSet/duration-unit-value"}},{"extension":[{"url":"http://hl7.org/fhir/StructureDefinition/implementationguide-page","valueUri":"ValueSet-descriptive-statistic-denominator.html"}],"example":false,"sourceReference":{"reference":"ValueSet/descriptive-statistic-denominator"}},{"extension":[{"url":"http://hl7.org/fhir/StructureDefinition/implementationguide-page","valueUri":"ValueSet-day-of-week.html"}],"example":false,"sourceReference":{"reference":"ValueSet/day-of-week"}},{"extension":[{"url":"http://hl7.org/fhir/StructureDefinition/implementationguide-page","valueUri":"ValueSet-body-posture.html"}],"example":false,"sourceReference":{"reference":"ValueSet/body-posture"}},{"extension":[{"url":"http://hl7.org/fhir/StructureDefinition/implementationguide-page","valueUri":"ValueSet-body-location.html"}],"example":false,"sourceReference":{"reference":"ValueSet/body-location"}},{"extension":[{"url":"http://hl7.org/fhir/StructureDefinition/implementationguide-page","valueUri":"ValueSet-area-unit-value.html"}],"example":false,"sourceReference":{"reference":"ValueSet/area-unit-value"}},{"extension":[{"url":"http://hl7.org/fhir/StructureDefinition/implementationguide-page","valueUri":"StructureDefinition-omh-ventilation-cycle-time.html"}],"example":false,"sourceReference":{"reference":"StructureDefinition/omh-ventilation-cycle-time"}},{"extension":[{"url":"http://hl7.org/fhir/StructureDefinition/implementationguide-page","valueUri":"StructureDefinition-omh-systolic-blood-pressure.html"}],"example":false,"sourceReference":{"reference":"StructureDefinition/omh-systolic-blood-pressure"}},{"extension":[{"url":"http://hl7.org/fhir/StructureDefinition/implementationguide-page","valueUri":"StructureDefinition-omh-speed.html"}],"example":false,"sourceReference":{"reference":"StructureDefinition/omh-speed"}},{"extension":[{"url":"http://hl7.org/fhir/StructureDefinition/implementationguide-page","valueUri":"StructureDefinition-omh-sleep-episode.html"}],"example":false,"sourceReference":{"reference":"StructureDefinition/omh-sleep-episode"}},{"extension":[{"url":"http://hl7.org/fhir/StructureDefinition/implementationguide-page","valueUri":"StructureDefinition-omh-sleep-duration.html"}],"example":false,"sourceReference":{"reference":"StructureDefinition/omh-sleep-duration"}},{"extension":[{"url":"http://hl7.org/fhir/StructureDefinition/implementationguide-page","valueUri":"StructureDefinition-omh-single-medication-dose-taken.html"}],"example":false,"sourceReference":{"reference":"StructureDefinition/omh-single-medication-dose-taken"}},{"extension":[{"url":"http://hl7.org/fhir/StructureDefinition/implementationguide-page","valueUri":"StructureDefinition-omh-rr-interval.html"}],"example":false,"sourceReference":{"reference":"StructureDefinition/omh-rr-interval"}},{"extension":[{"url":"http://hl7.org/fhir/StructureDefinition/implementationguide-page","valueUri":"StructureDefinition-omh-respiratory-rate.html"}],"example":false,"sourceReference":{"reference":"StructureDefinition/omh-respiratory-rate"}},{"extension":[{"url":"http://hl7.org/fhir/StructureDefinition/implementationguide-page","valueUri":"StructureDefinition-omh-reason-single-medication-dose-not-taken.html"}],"example":false,"sourceReference":{"reference":"StructureDefinition/omh-reason-single-medication-dose-not-taken"}},{"extension":[{"url":"http://hl7.org/fhir/StructureDefinition/implementationguide-page","valueUri":"StructureDefinition-omh-physical-activity.html"}],"example":false,"sourceReference":{"reference":"StructureDefinition/omh-physical-activity"}},{"extension":[{"url":"http://hl7.org/fhir/StructureDefinition/implementationguide-page","valueUri":"StructureDefinition-omh-pharmacy-medication-dispensing.html"}],"example":false,"sourceReference":{"reference":"StructureDefinition/omh-pharmacy-medication-dispensing"}},{"extension":[{"url":"http://hl7.org/fhir/StructureDefinition/implementationguide-page","valueUri":"StructureDefinition-omh-patient-medication-schedule.html"}],"example":false,"sourceReference":{"reference":"StructureDefinition/omh-patient-medication-schedule"}},{"extension":[{"url":"http://hl7.org/fhir/StructureDefinition/implementationguide-page","valueUri":"StructureDefinition-omh-pace.html"}],"example":false,"sourceReference":{"reference":"StructureDefinition/omh-pace"}},{"extension":[{"url":"http://hl7.org/fhir/StructureDefinition/implementationguide-page","valueUri":"StructureDefinition-omh-oxygen-saturation.html"}],"example":false,"sourceReference":{"reference":"StructureDefinition/omh-oxygen-saturation"}},{"extension":[{"url":"http://hl7.org/fhir/StructureDefinition/implementationguide-page","valueUri":"StructureDefinition-omh-orientation.html"}],"example":false,"sourceReference":{"reference":"StructureDefinition/omh-orientation"}},{"extension":[{"url":"http://hl7.org/fhir/StructureDefinition/implementationguide-page","valueUri":"StructureDefinition-omh-minutes-moderate-activity.html"}],"example":false,"sourceReference":{"reference":"StructureDefinition/omh-minutes-moderate-activity"}},{"extension":[{"url":"http://hl7.org/fhir/StructureDefinition/implementationguide-page","valueUri":"StructureDefinition-omh-minute-volume.html"}],"example":false,"sourceReference":{"reference":"StructureDefinition/omh-minute-volume"}},{"extension":[{"url":"http://hl7.org/fhir/StructureDefinition/implementationguide-page","valueUri":"StructureDefinition-omh-medication.html"}],"example":false,"sourceReference":{"reference":"StructureDefinition/omh-medication"}},{"extension":[{"url":"http://hl7.org/fhir/StructureDefinition/implementationguide-page","valueUri":"StructureDefinition-omh-medication-prescription.html"}],"example":false,"sourceReference":{"reference":"StructureDefinition/omh-medication-prescription"}},{"extension":[{"url":"http://hl7.org/fhir/StructureDefinition/implementationguide-page","valueUri":"StructureDefinition-omh-medication-adherence-percent.html"}],"example":false,"sourceReference":{"reference":"StructureDefinition/omh-medication-adherence-percent"}},{"extension":[{"url":"http://hl7.org/fhir/StructureDefinition/implementationguide-page","valueUri":"StructureDefinition-omh-magnetic-force.html"}],"example":false,"sourceReference":{"reference":"StructureDefinition/omh-magnetic-force"}},{"extension":[{"url":"http://hl7.org/fhir/StructureDefinition/implementationguide-page","valueUri":"StructureDefinition-omh-inspiratory-time.html"}],"example":false,"sourceReference":{"reference":"StructureDefinition/omh-inspiratory-time"}},{"extension":[{"url":"http://hl7.org/fhir/StructureDefinition/implementationguide-page","valueUri":"StructureDefinition-omh-geoposition.html"}],"example":false,"sourceReference":{"reference":"StructureDefinition/omh-geoposition"}},{"extension":[{"url":"http://hl7.org/fhir/StructureDefinition/implementationguide-page","valueUri":"StructureDefinition-omh-expiratory-time.html"}],"example":false,"sourceReference":{"reference":"StructureDefinition/omh-expiratory-time"}},{"extension":[{"url":"http://hl7.org/fhir/StructureDefinition/implementationguide-page","valueUri":"StructureDefinition-omh-diastolic-blood-pressure.html"}],"example":false,"sourceReference":{"reference":"StructureDefinition/omh-diastolic-blood-pressure"}},{"extension":[{"url":"http://hl7.org/fhir/StructureDefinition/implementationguide-page","valueUri":"StructureDefinition-omh-calories-burned.html"}],"example":false,"sourceReference":{"reference":"StructureDefinition/omh-calories-burned"}},{"extension":[{"url":"http://hl7.org/fhir/StructureDefinition/implementationguide-page","valueUri":"StructureDefinition-omh-breath-carbon-monoxide.html"}],"example":false,"sourceReference":{"reference":"StructureDefinition/omh-breath-carbon-monoxide"}},{"extension":[{"url":"http://hl7.org/fhir/StructureDefinition/implementationguide-page","valueUri":"StructureDefinition-omh-body-weight.html"}],"example":false,"sourceReference":{"reference":"StructureDefinition/omh-body-weight"}},{"extension":[{"url":"http://hl7.org/fhir/StructureDefinition/implementationguide-page","valueUri":"StructureDefinition-omh-body-temperature.html"}],"example":false,"sourceReference":{"reference":"StructureDefinition/omh-body-temperature"}},{"extension":[{"url":"http://hl7.org/fhir/StructureDefinition/implementationguide-page","valueUri":"StructureDefinition-omh-body-mass-index.html"}],"example":false,"sourceReference":{"reference":"StructureDefinition/omh-body-mass-index"}},{"extension":[{"url":"http://hl7.org/fhir/StructureDefinition/implementationguide-page","valueUri":"StructureDefinition-omh-body-height.html"}],"example":false,"sourceReference":{"reference":"StructureDefinition/omh-body-height"}},{"extension":[{"url":"http://hl7.org/fhir/StructureDefinition/implementationguide-page","valueUri":"StructureDefinition-omh-body-fat-percentage.html"}],"example":false,"sourceReference":{"reference":"StructureDefinition/omh-body-fat-percentage"}},{"extension":[{"url":"http://hl7.org/fhir/StructureDefinition/implementationguide-page","valueUri":"StructureDefinition-omh-blood-pressure.html"}],"example":false,"sourceReference":{"reference":"StructureDefinition/omh-blood-pressure"}},{"extension":[{"url":"http://hl7.org/fhir/StructureDefinition/implementationguide-page","valueUri":"StructureDefinition-omh-blood-glucose.html"}],"example":false,"sourceReference":{"reference":"StructureDefinition/omh-blood-glucose"}},{"extension":[{"url":"http://hl7.org/fhir/StructureDefinition/implementationguide-page","valueUri":"StructureDefinition-omh-ambient-temperature.html"}],"example":false,"sourceReference":{"reference":"StructureDefinition/omh-ambient-temperature"}},{"extension":[{"url":"http://hl7.org/fhir/StructureDefinition/implementationguide-page","valueUri":"StructureDefinition-omh-acceleration.html"}],"example":false,"sourceReference":{"reference":"StructureDefinition/omh-acceleration"}},{"extension":[{"url":"http://hl7.org/fhir/StructureDefinition/implementationguide-page","valueUri":"CodeSystem-specimen-source.html"}],"example":false,"sourceReference":{"reference":"CodeSystem/specimen-source"}},{"extension":[{"url":"http://hl7.org/fhir/StructureDefinition/implementationguide-page","valueUri":"CodeSystem-medication-dose-unit.html"}],"example":false,"sourceReference":{"reference":"CodeSystem/medication-dose-unit"}},{"extension":[{"url":"http://hl7.org/fhir/StructureDefinition/implementationguide-page","valueUri":"CodeSystem-intervention-administration-route.html"}],"example":false,"sourceReference":{"reference":"CodeSystem/intervention-administration-route"}},{"extension":[{"url":"http://hl7.org/fhir/StructureDefinition/implementationguide-page","valueUri":"CodeSystem-descriptive-statistic-denominator.html"}],"example":false,"sourceReference":{"reference":"CodeSystem/descriptive-statistic-denominator"}},{"extension":[{"url":"http://hl7.org/fhir/StructureDefinition/implementationguide-page","valueUri":"CodeSystem-body-location.html"}],"example":false,"sourceReference":{"reference":"CodeSystem/body-location"}},{"extension":[{"url":"http://hl7.org/fhir/StructureDefinition/implementationguide-page","valueUri":"StructureDefinition-omh-dr.html"}],"example":false,"sourceReference":{"reference":"StructureDefinition/omh-dr"}},{"extension":[{"url":"http://hl7.org/fhir/StructureDefinition/implementationguide-page","valueUri":"StructureDefinition-contained-p.html"}],"example":false,"sourceReference":{"reference":"StructureDefinition/contained-p"}},{"extension":[{"url":"http://hl7.org/fhir/StructureDefinition/implementationguide-page","valueUri":"CapabilityStatement-server.html"}],"example":false,"sourceReference":{"reference":"CapabilityStatement/server"}},{"extension":[{"url":"http://hl7.org/fhir/StructureDefinition/implementationguide-page","valueUri":"CapabilityStatement-client.html"}],"example":false,"sourceReference":{"reference":"CapabilityStatement/client"}}]},{"id":"contained-p-spreadsheet.xml","name":"contained-p","resource":[{"extension":[{"url":"http://hl7.org/fhir/StructureDefinition/implementationguide-page","valueUri":"StructureDefinition-contained-p.html"}],"example":false,"name":"OMH Contained Patient Profile","sourceReference":{"reference":"StructureDefinition/contained-p"}}]},{"id":"dr-profile-spreadsheet.xml","name":"omh-dr","resource":[{"extension":[{"url":"http://hl7.org/fhir/StructureDefinition/implementationguide-page","valueUri":"StructureDefinition-omh-dr.html"}],"example":false,"name":"OMH DocumentReference Profile","sourceReference":{"reference":"StructureDefinition/omh-dr"}}]}],"page":{"source":"index.html","title":"Home","kind":"page","page":[{"source":"guidance.html","title":"General Guidance","kind":"page"},{"source":"profiles.html","title":"Profiles and Extensions","kind":"page","page":[{"source":"StructureDefinition-omh-step-count.html","title":"StructureDefinitionOmh Step Count","kind":"resource"},{"source":"StructureDefinition-omh-heart-rate.html","title":"StructureDefinitionOmh Heart Rate","kind":"resource"},{"source":"StructureDefinition-omh-header.html","title":"StructureDefinitionOmh Header","kind":"resource"},{"source":"StructureDefinition-omh-datapoint-template.html","title":"StructureDefinitionOmh Datapoint Template","kind":"resource"},{"source":"StructureDefinition-omh-ventilation-cycle-time.html","title":"StructureDefinitionOmh Ventilation Cycle Time","kind":"resource"},{"source":"StructureDefinition-omh-systolic-blood-pressure.html","title":"StructureDefinitionOmh Systolic Blood Pressure","kind":"resource"},{"source":"StructureDefinition-omh-speed.html","title":"StructureDefinitionOmh Speed","kind":"resource"},{"source":"StructureDefinition-omh-sleep-episode.html","title":"StructureDefinitionOmh Sleep Episode","kind":"resource"},{"source":"StructureDefinition-omh-sleep-duration.html","title":"StructureDefinitionOmh Sleep Duration","kind":"resource"},{"source":"StructureDefinition-omh-single-medication-dose-taken.html","title":"StructureDefinitionOmh Single Dose Taken","kind":"resource"},{"source":"StructureDefinition-omh-rr-interval.html","title":"StructureDefinitionOmh Rr Interval","kind":"resource"},{"source":"StructureDefinition-omh-respiratory-rate.html","title":"StructureDefinitionOmh Respiratory Rate","kind":"resource"},{"source":"StructureDefinition-omh-reason-single-medication-dose-not-taken.html","title":"StructureDefinitionOmh Reason Single Dose Not Taken","kind":"resource"},{"source":"StructureDefinition-omh-physical-activity.html","title":"StructureDefinitionOmh Physical Activity","kind":"resource"},{"source":"StructureDefinition-omh-pharmacy-medication-dispensing.html","title":"StructureDefinitionOmh Pharmacy Dispensing","kind":"resource"},{"source":"StructureDefinition-omh-patient-medication-schedule.html","title":"StructureDefinitionOmh","kind":"resource"},{"source":"StructureDefinition-omh-pace.html","title":"StructureDefinitionOmh Pace","kind":"resource"},{"source":"StructureDefinition-omh-oxygen-saturation.html","title":"StructureDefinitionOmh Oxygen Saturation","kind":"resource"},{"source":"StructureDefinition-omh-orientation.html","title":"StructureDefinitionOmh Orientation","kind":"resource"},{"source":"StructureDefinition-omh-minutes-moderate-activity.html","title":"StructureDefinitionOmh Minutes Moderate Activity","kind":"resource"},{"source":"StructureDefinition-omh-minute-volume.html","title":"StructureDefinitionOmh Minute Volume","kind":"resource"},{"source":"StructureDefinition-omh-medication.html","title":"StructureDefinitionOmh","kind":"resource"},{"source":"StructureDefinition-omh-medication-prescription.html","title":"StructureDefinitionOmh Prescription","kind":"resource"},{"source":"StructureDefinition-omh-medication-adherence-percent.html","title":"StructureDefinitionOmh Adherence Percent","kind":"resource"},{"source":"StructureDefinition-omh-magnetic-force.html","title":"StructureDefinitionOmh Magnetic Force","kind":"resource"},{"source":"StructureDefinition-omh-inspiratory-time.html","title":"StructureDefinitionOmh Inspiratory Time","kind":"resource"},{"source":"StructureDefinition-omh-geoposition.html","title":"StructureDefinitionOmh Geoposition","kind":"resource"},{"source":"StructureDefinition-omh-expiratory-time.html","title":"StructureDefinitionOmh Expiratory Time","kind":"resource"},{"source":"StructureDefinition-omh-diastolic-blood-pressure.html","title":"StructureDefinitionOmh Diastolic Blood Pressure","kind":"resource"},{"source":"StructureDefinition-omh-calories-burned.html","title":"StructureDefinitionOmh Calories Burned","kind":"resource"},{"source":"StructureDefinition-omh-breath-carbon-monoxide.html","title":"StructureDefinitionOmh Breath Carbon Monoxide","kind":"resource"},{"source":"StructureDefinition-omh-body-weight.html","title":"StructureDefinitionOmh Body Weight","kind":"resource"},{"source":"StructureDefinition-omh-body-temperature.html","title":"StructureDefinitionOmh Body Temperature","kind":"resource"},{"source":"StructureDefinition-omh-body-mass-index.html","title":"StructureDefinitionOmh Body Mass Index","kind":"resource"},{"source":"StructureDefinition-omh-body-height.html","title":"StructureDefinitionOmh Body Height","kind":"resource"},{"source":"StructureDefinition-omh-body-fat-percentage.html","title":"StructureDefinitionOmh Body Fat Percentage","kind":"resource"},{"source":"StructureDefinition-omh-blood-pressure.html","title":"StructureDefinitionOmh Blood Pressure","kind":"resource"},{"source":"StructureDefinition-omh-blood-glucose.html","title":"StructureDefinitionOmh Blood Glucose","kind":"resource"},{"source":"StructureDefinition-omh-ambient-temperature.html","title":"StructureDefinitionOmh Ambient Temperature","kind":"resource"},{"source":"StructureDefinition-omh-acceleration.html","title":"StructureDefinitionOmh Acceleration","kind":"resource"},{"source":"StructureDefinition-omh-dr.html","title":"StructureDefinitionOmh Dr","kind":"resource"},{"source":"StructureDefinition-contained-p.html","title":"StructureDefinitionContained P","kind":"resource"}]},{"source":"operations.html","title":"Operations","kind":"page"},{"source":"terminology.html","title":"Terminology","kind":"page","page":[{"source":"ValueSet-dp-type.html","title":"ValueSetDp Type","kind":"resource"},{"source":"ValueSet-volume-unit-value.html","title":"ValueSetVolume Unit Value","kind":"resource"},{"source":"ValueSet-temporal-relationship-to-sleep.html","title":"ValueSetTemporal Relationship To Sleep","kind":"resource"},{"source":"ValueSet-temporal-relationship-to-physical-activity.html","title":"ValueSetTemporal Relationship To Physical Activity","kind":"resource"},{"source":"ValueSet-temporal-relationship-to-meal.html","title":"ValueSetTemporal Relationship To Meal","kind":"resource"},{"source":"ValueSet-temperature-unit-value.html","title":"ValueSetTemperature Unit Value","kind":"resource"},{"source":"ValueSet-speed-unit-value.html","title":"ValueSetSpeed Unit Value","kind":"resource"},{"source":"ValueSet-specimen-source.html","title":"ValueSetSource","kind":"resource"},{"source":"ValueSet-position-during-measurement.html","title":"ValueSetPosition During Measurement","kind":"resource"},{"source":"ValueSet-part-of-day.html","title":"ValueSetPart Of Day","kind":"resource"},{"source":"ValueSet-pace-unit-value.html","title":"ValueSetPace Unit Value","kind":"resource"},{"source":"ValueSet-medication-dose-unit.html","title":"ValueSetDose Unit","kind":"resource"},{"source":"ValueSet-mass-unit-value.html","title":"ValueSetMass Unit Value","kind":"resource"},{"source":"ValueSet-magnetic-flux-density-unit-value.html","title":"ValueSetMagnetic Flux Density Unit Value","kind":"resource"},{"source":"ValueSet-length-unit-value.html","title":"ValueSetLength Unit Value","kind":"resource"},{"source":"ValueSet-intervention-administration-route.html","title":"ValueSetIntervention Administration Route","kind":"resource"},{"source":"ValueSet-duration-unit-value.html","title":"ValueSetDuration Unit Value","kind":"resource"},{"source":"ValueSet-descriptive-statistic-denominator.html","title":"ValueSetDescriptive Statistic Denominator","kind":"resource"},{"source":"ValueSet-day-of-week.html","title":"ValueSetDay Of Week","kind":"resource"},{"source":"ValueSet-body-posture.html","title":"ValueSetBody Posture","kind":"resource"},{"source":"ValueSet-body-location.html","title":"ValueSetBody","kind":"resource"},{"source":"ValueSet-area-unit-value.html","title":"ValueSetArea Unit Value","kind":"resource"},{"source":"CodeSystem-specimen-source.html","title":"CodeSystemSource","kind":"resource"},{"source":"CodeSystem-medication-dose-unit.html","title":"CodeSystemDose Unit","kind":"resource"},{"source":"CodeSystem-intervention-administration-route.html","title":"CodeSystemIntervention Administration Route","kind":"resource"},{"source":"CodeSystem-descriptive-statistic-denominator.html","title":"CodeSystemDescriptive Statistic Denominator","kind":"resource"},{"source":"CodeSystem-body-location.html","title":"CodeSystemBody","kind":"resource"}]},{"source":"searchparameters.html","title":"Search Parameters","kind":"page"},{"source":"capstatements.html","title":"Capability Statements","kind":"page","page":[{"source":"CapabilityStatement-server.html","title":"CapabilityStatementServer","kind":"resource"},{"source":"CapabilityStatement-client.html","title":"CapabilityStatementClient","kind":"resource"}]},{"source":"security.html","title":"Security","kind":"page"},{"source":"downloads.html","title":"Downloads","kind":"page"},{"source":"all-examples.html","title":"All Examples","kind":"page"},{"source":"toc.html","title":"Table of Contents","kind":"resource"}]}}