{"resourceType":"ValueSet","id":"day-of-week","text":{"status":"generated","div":"<div xmlns=\"http://www.w3.org/1999/xhtml\"><h2>Day Of Week</h2><div><p>The names of the days of week.</p>\n</div><p><b>Copyright Statement:</b> Open mHealth copyright 2015, a project of the Tides Center. All Rights Reserved. This value set includes content from SNOMED CT, which is copyright 2002+ International Health Terminology Standards Development Organisation (IHTSDO), and distributed by agreement between IHTSDO and HL7. Implementer use of SNOMED CT is not covered by this agreement.</p><p>This value set includes codes from the following code systems:</p><ul><li>Include these codes as defined in <a href=\"http://www.snomed.org/\"><code>http://snomed.info/sct</code></a><table class=\"none\"><tr><td style=\"white-space:nowrap\"><b>Code</b></td><td><b>Display</b></td></tr><tr><td><a href=\"http://browser.ihtsdotools.org/?perspective=full&amp;conceptId1=307145004\">307145004</a></td><td>Monday</td><td/></tr><tr><td><a href=\"http://browser.ihtsdotools.org/?perspective=full&amp;conceptId1=307147007\">307147007</a></td><td>Tuesday</td><td/></tr><tr><td><a href=\"http://browser.ihtsdotools.org/?perspective=full&amp;conceptId1=307148002\">307148002</a></td><td>Wednesday</td><td/></tr><tr><td><a href=\"http://browser.ihtsdotools.org/?perspective=full&amp;conceptId1=307149005\">307149005</a></td><td>Thursday</td><td/></tr><tr><td><a href=\"http://browser.ihtsdotools.org/?perspective=full&amp;conceptId1=307150005\">307150005</a></td><td>Friday</td><td/></tr><tr><td><a href=\"http://browser.ihtsdotools.org/?perspective=full&amp;conceptId1=307151009\">307151009</a></td><td>Saturday</td><td/></tr><tr><td><a href=\"http://browser.ihtsdotools.org/?perspective=full&amp;conceptId1=307146003\">307146003</a></td><td>Sunday</td><td/></tr></table></li></ul></div>"},"url":"http://www.fhir.org/guides/mfhir/ValueSet/day-of-week","version":"0.0.0","name":"day-of-week","title":"Day Of Week","status":"draft","date":"2018-04-28T08:55:00-07:00","publisher":"Open mHealth","contact":[{"telecom":[{"system":"url","value":"http://www.openmhealth.org/"}]}],"description":"The names of the days of week.","immutable":false,"copyright":"Open mHealth copyright 2015, a project of the Tides Center. All Rights Reserved. This value set includes content from SNOMED CT, which is copyright 2002+ International Health Terminology Standards Development Organisation (IHTSDO), and distributed by agreement between IHTSDO and HL7. Implementer use of SNOMED CT is not covered by this agreement.","compose":{"include":[{"system":"http://snomed.info/sct","concept":[{"code":"307145004","display":"Monday"},{"code":"307147007","display":"Tuesday"},{"code":"307148002","display":"Wednesday"},{"code":"307149005","display":"Thursday"},{"code":"307150005","display":"Friday"},{"code":"307151009","display":"Saturday"},{"code":"307146003","display":"Sunday"}]}]}}