{"resourceType":"ValueSet","id":"length-unit-value","text":{"status":"generated","div":"<div xmlns=\"http://www.w3.org/1999/xhtml\"><h2>Length Unit Value</h2><div><p>This schema represents a length or a distance.</p>\n</div><p><b>Copyright Statement:</b> Open mHealth copyright 2015, a project of the Tides Center. All Rights Reserved. UCUM is copyright 1999-2013 Regenstrief Institute, Inc. and The UCUM Organization, Indianapolis, IN. All rights reserved. See http://unitsofmeasure.org/trac//wiki/TermsOfUse for details.</p><p>This value set includes codes from the following code systems:</p><ul><li>Include these codes as defined in <a href=\"http://unitsofmeasure.org\"><code>http://unitsofmeasure.org</code></a><table class=\"none\"><tr><td style=\"white-space:nowrap\"><b>Code</b></td><td><b>Display</b></td></tr><tr><td>fm</td><td>fm</td><td/></tr><tr><td>pm</td><td>pm</td><td/></tr><tr><td>nm</td><td>nm</td><td/></tr><tr><td>um</td><td>um</td><td/></tr><tr><td>mm</td><td>mm</td><td/></tr><tr><td>cm</td><td>cm</td><td/></tr><tr><td>m</td><td>m</td><td/></tr><tr><td>km</td><td>km</td><td/></tr><tr><td>[in_i]</td><td>in</td><td/></tr><tr><td>[ft_i]</td><td>ft</td><td/></tr><tr><td>[yd_i]</td><td>yd</td><td/></tr><tr><td>[mi_i]</td><td>mi</td><td/></tr></table></li></ul></div>"},"url":"http://www.fhir.org/guides/mfhir/ValueSet/length-unit-value","version":"0.0.0","name":"length-unit-value","title":"Length Unit Value","status":"draft","date":"2018-04-28T12:14:28-07:00","publisher":"Open mHealth","contact":[{"telecom":[{"system":"url","value":"http://www.openmhealth.org/"}]}],"description":"This schema represents a length or a distance.","immutable":false,"copyright":"Open mHealth copyright 2015, a project of the Tides Center. All Rights Reserved. UCUM is copyright 1999-2013 Regenstrief Institute, Inc. and The UCUM Organization, Indianapolis, IN. All rights reserved. See http://unitsofmeasure.org/trac//wiki/TermsOfUse for details.","compose":{"include":[{"system":"http://unitsofmeasure.org","concept":[{"code":"fm","display":"fm"},{"code":"pm","display":"pm"},{"code":"nm","display":"nm"},{"code":"um","display":"um"},{"code":"mm","display":"mm"},{"code":"cm","display":"cm"},{"code":"m","display":"m"},{"code":"km","display":"km"},{"code":"[in_i]","display":"in"},{"code":"[ft_i]","display":"ft"},{"code":"[yd_i]","display":"yd"},{"code":"[mi_i]","display":"mi"}]}]}}