{"resourceType":"ValueSet","id":"pace-unit-value","text":{"status":"generated","div":"<div xmlns=\"http://www.w3.org/1999/xhtml\"><h2>Pace Unit Value</h2><div><p>This schema represents a pace (time over distance).</p>\n</div><p><b>Copyright Statement:</b> Open mHealth copyright 2015, a project of the Tides Center. All Rights Reserved. UCUM is copyright 1999-2013 Regenstrief Institute, Inc. and The UCUM Organization, Indianapolis, IN. All rights reserved. See http://unitsofmeasure.org/trac//wiki/TermsOfUse for details.</p><p>This value set includes codes from the following code systems:</p><ul><li>Include these codes as defined in <a href=\"http://unitsofmeasure.org\"><code>http://unitsofmeasure.org</code></a><table class=\"none\"><tr><td style=\"white-space:nowrap\"><b>Code</b></td><td><b>Display</b></td></tr><tr><td>min/[mi_us]</td><td>min/mi</td><td/></tr><tr><td>min/km</td><td>min/km</td><td/></tr></table></li></ul></div>"},"url":"http://www.fhir.org/guides/mfhir/ValueSet/pace-unit-value","version":"0.0.0","name":"pace-unit-value","title":"Pace Unit Value","status":"draft","date":"2018-04-28T12:14:28-07:00","publisher":"Open mHealth","contact":[{"telecom":[{"system":"url","value":"http://www.openmhealth.org/"}]}],"description":"This schema represents a pace (time over distance).","immutable":false,"copyright":"Open mHealth copyright 2015, a project of the Tides Center. All Rights Reserved. UCUM is copyright 1999-2013 Regenstrief Institute, Inc. and The UCUM Organization, Indianapolis, IN. All rights reserved. See http://unitsofmeasure.org/trac//wiki/TermsOfUse for details.","compose":{"include":[{"system":"http://unitsofmeasure.org","concept":[{"code":"min/[mi_us]","display":"min/mi"},{"code":"min/km","display":"min/km"}]}]}}