{"resourceType":"ValueSet","id":"temporal-relationship-to-physical-activity","text":{"status":"generated","div":"<div xmlns=\"http://www.w3.org/1999/xhtml\"><h2>Temporal Relationship To Physical Activity</h2><div><p>The temporal relationship of a clinical measure or assessment to physical activity.</p>\n</div><p><b>Copyright Statement:</b> Open mHealth copyright 2015, a project of the Tides Center. All Rights Reserved. This value set includes content from SNOMED CT, which is copyright 2002+ International Health Terminology Standards Development Organisation (IHTSDO), and distributed by agreement between IHTSDO and HL7. Implementer use of SNOMED CT is not covered by this agreement.</p><p>This value set includes codes from the following code systems:</p><ul><li>Include these codes as defined in <a href=\"http://www.snomed.org/\"><code>http://snomed.info/sct</code></a><table class=\"none\"><tr><td style=\"white-space:nowrap\"><b>Code</b></td><td><b>Display</b></td></tr><tr><td><a href=\"http://browser.ihtsdotools.org/?perspective=full&amp;conceptId1=263678003\">263678003</a></td><td>at rest</td><td/></tr><tr><td><a href=\"http://browser.ihtsdotools.org/?perspective=full&amp;conceptId1=55561003\">55561003</a></td><td>active</td><td/></tr><tr><td><a href=\"http://browser.ihtsdotools.org/?perspective=full&amp;conceptId1=307166007\">307166007</a></td><td>before exercise</td><td/></tr><tr><td><a href=\"http://browser.ihtsdotools.org/?perspective=full&amp;conceptId1=255214003\">255214003</a></td><td>after exercise</td><td/></tr><tr><td><a href=\"http://browser.ihtsdotools.org/?perspective=full&amp;conceptId1=309604004\">309604004</a></td><td>during exercise</td><td/></tr></table></li></ul></div>"},"url":"http://www.fhir.org/guides/mfhir/ValueSet/temporal-relationship-to-physical-activity","version":"0.0.0","name":"temporal-relationship-to-physical-activity","title":"Temporal Relationship To Physical Activity","status":"draft","date":"2018-04-28T08:55:00-07:00","publisher":"Open mHealth","contact":[{"telecom":[{"system":"url","value":"http://www.openmhealth.org/"}]}],"description":"The temporal relationship of a clinical measure or assessment to physical activity. ","immutable":false,"copyright":"Open mHealth copyright 2015, a project of the Tides Center. All Rights Reserved. This value set includes content from SNOMED CT, which is copyright 2002+ International Health Terminology Standards Development Organisation (IHTSDO), and distributed by agreement between IHTSDO and HL7. Implementer use of SNOMED CT is not covered by this agreement.","compose":{"include":[{"system":"http://snomed.info/sct","concept":[{"code":"263678003","display":"at rest"},{"code":"55561003","display":"active"},{"code":"307166007","display":"before exercise"},{"code":"255214003","display":"after exercise"},{"code":"309604004","display":"during exercise"}]}]}}