{"resourceType":"ValueSet","id":"specimen-source","text":{"status":"generated","div":"<div xmlns=\"http://www.w3.org/1999/xhtml\"><h2>OMH to FHIR Specimen Source ValueSet</h2><div><p>The specimen analyzed. The current value set is taken from the SNOMED CT Body substance sample (specimen) hierarchy. The local (UI) display term is the Snomed preferred term without the word 'specimen'. More values will be added as needed.</p>\n</div><p><b>Copyright Statement:</b> Open mHealth copyright 2015, a project of the Tides Center. All Rights Reserved.  This specification includes content from SNOMED Clinical Terms® (SNOMED CT®) which is copyright of the International Health Terminology Standards Development Organisation (IHTSDO) (trading as SNOMED International). Implementers of these specifications must have the appropriate SNOMED CT Affiliate license - for more information contact http://www.snomed.org/snomed-ct/get-snomed-ct  or info@snomed.org</p><p>This value set includes codes from the following code systems:</p><ul><li>Include these codes as defined in <a href=\"http://www.snomed.org/\"><code>http://snomed.info/sct</code></a><table class=\"none\"><tr><td style=\"white-space:nowrap\"><b>Code</b></td><td><b>Display</b></td></tr><tr><td><a href=\"http://browser.ihtsdotools.org/?perspective=full&amp;conceptId1=258479004\">258479004</a></td><td>interstitial fluid</td><td/></tr><tr><td><a href=\"http://browser.ihtsdotools.org/?perspective=full&amp;conceptId1=122554006\">122554006</a></td><td>capillary blood</td><td/></tr><tr><td><a href=\"http://browser.ihtsdotools.org/?perspective=full&amp;conceptId1=119361006\">119361006</a></td><td>plasma</td><td/></tr><tr><td><a href=\"http://browser.ihtsdotools.org/?perspective=full&amp;conceptId1=119364003\">119364003</a></td><td>serum</td><td/></tr><tr><td><a href=\"http://browser.ihtsdotools.org/?perspective=full&amp;conceptId1=122594008\">122594008</a></td><td>tears</td><td/></tr><tr><td><a href=\"http://browser.ihtsdotools.org/?perspective=full&amp;conceptId1=258580003\">258580003</a></td><td>whole blood</td><td/></tr></table></li></ul></div>"},"url":"http://www.fhir.org/guides/mfhir/ValueSet/specimen-source","version":"0.0.0","name":"specimen-source","title":"OMH to FHIR Specimen Source ValueSet","status":"draft","date":"2018-04-28T08:55:00-07:00","publisher":"Open mHealth","contact":[{"telecom":[{"system":"url","value":"http://www.openmhealth.org/"}]}],"description":"The specimen analyzed. The current value set is taken from the SNOMED CT Body substance sample (specimen) hierarchy. The local (UI) display term is the Snomed preferred term without the word 'specimen'. More values will be added as needed.","immutable":false,"copyright":"Open mHealth copyright 2015, a project of the Tides Center. All Rights Reserved.  This specification includes content from SNOMED Clinical Terms® (SNOMED CT®) which is copyright of the International Health Terminology Standards Development Organisation (IHTSDO) (trading as SNOMED International). Implementers of these specifications must have the appropriate SNOMED CT Affiliate license - for more information contact http://www.snomed.org/snomed-ct/get-snomed-ct  or info@snomed.org","compose":{"include":[{"system":"http://snomed.info/sct","concept":[{"code":"258479004","display":"interstitial fluid"},{"code":"122554006","display":"capillary blood"},{"code":"119361006","display":"plasma"},{"code":"119364003","display":"serum"},{"code":"122594008","display":"tears"},{"code":"258580003","display":"whole blood"}]}]}}